{
  "id": "",
  "name": "",
  "font_family": "iconfont",
  "css_prefix_text": "icon-",
  "description": "",
  "glyphs": [
    {
      "icon_id": "2462143",
      "name": "QQ",
      "font_class": "QQ",
      "unicode": "e626",
      "unicode_decimal": 58918
    },
    {
      "icon_id": "6289892",
      "name": "qq",
      "font_class": "qq",
      "unicode": "e659",
      "unicode_decimal": 58969
    },
    {
      "icon_id": "7981068",
      "name": "百度",
      "font_class": "baidu",
      "unicode": "e664",
      "unicode_decimal": 58980
    },
    {
      "icon_id": "10132243",
      "name": "新浪",
      "font_class": "weibo-red",
      "unicode": "e50c",
      "unicode_decimal": 58636
    },
    {
      "icon_id": "10182462",
      "name": "支付宝",
      "font_class": "icon-test",
      "unicode": "e60b",
      "unicode_decimal": 58891
    },
    {
      "icon_id": "10497711",
      "name": "微信",
      "font_class": "weixin",
      "unicode": "e64e",
      "unicode_decimal": 58958
    }
  ]
}
