{
	"code":200,
	"rodate":[
		{
			"rotateimg":"//game.gtimg.cn/upload/adw/image/20191022/20b32cda5c4caa9a382c28f3549a470d.jpeg",
			"rotateclick":"听歌互动赢皮肤"
		},
		{
			"rotateimg":"//game.gtimg.cn/upload/adw/image/20191018/6e5f850efba72ca37f3b4ea2efcf77c9.jpeg",
			"rotateclick":"新地图全面解读"
		},
		{
			"rotateimg":"//game.gtimg.cn/upload/adw/image/20191021/c47cd83314b03f2ef6aee3cd2e473757.jpeg",
			"rotateclick":"分享攻略赢棋盘"
		},
		{
			"rotateimg":"//game.gtimg.cn/upload/adw/image/20191020/13ed1a091f38c94a821442b27dd0c729.jpeg",
			"rotateclick":"上官婉儿梁祝cos"
		},
		{
			"rotateimg":"//game.gtimg.cn/upload/adw/image/20191021/0be6220ff524eac8091d3d6b01b9184d.jpeg",
			"rotateclick":"虎牙大咖邀请赛"
		}
	],
	"newsTab":[
		{
			"news":"周年庆典 送限定皮肤",
			"newstemp":"10/16",
			"news2":"来，左边跟我一起变大龙，右边挂一个灯笼~",
			"news2temp":"10/16",
			"news3":"【已开服】10月17日正式服“四周岁特别版本”更新公告",
			"news3temp":"10/16",
			"news4":"周年庆典 送限定皮肤",
			"news4temp":"10/16",
			"news5":"10月21日【比赛服】版本更新公告",
			"news5temp":"10/16"
		},
		{
			"news":"【已开服】10月17日正式服“四周岁特别版本”更新公告",
			"newstemp":"10/16",
			"news2":"斗鱼王者模拟战流派攻略大赛，分享你的棋圣之路",
			"news2temp":"10/16",
			"news3":"【修复中】关于部分榜单排名异常问题公告说明",
			"news3temp":"10/16",
			"news4":"抢先体验周年限定皮肤，婉儿登台，越剧首秀活动开启",
			"news4temp":"10/16",
			"news5":"峡谷棋王，该我上场！ 首届王者模拟战邀请赛KPL联盟赛区今日12:00正式开赛",
			"news5temp":"10/16"
		},
		{
			"news":"【正式服】“四周岁特别版本”异常问题说明",
			"newstemp":"10/16",
			"news2":"千灯盛会如约而至 ，七城亮灯，与你共赏~",
			"news2temp":"10/16",
			"news3":"【正式服】“四周岁特别版本”异常问题说明",
			"news3temp":"10/16",
			"news4":"周年庆典倒计时，八重惊喜等解锁！",
			"news4temp":"10/16",
			"news5":"第一期王者荣耀官方高校社团巡礼",
			"news5temp":"10/16"
		},
		{
			"news":"S17赛季更新 王者四周岁特别版本到来 海量福利来袭",
			"newstemp":"10/16",
			"news2":"周年庆典倒计时，八重惊喜等解锁！",
			"news2temp":"10/16",
			"news3":"2019周年庆限定皮肤返场投票结果公告",
			"news3temp":"10/16",
			"news4":"S17赛季更新 王者四周岁特别版本到来 海量福利来袭",
			"news4temp":"10/16",
			"news5":"城市赛全国大赛即将开启，线上“峡谷探秘”活动宝典请签收！",
			"news5temp":"10/16"
		},
		{
			"news":"抢先体验周年限定皮肤，婉儿登台，越剧首秀活动开启",
			"newstemp":"10/16",
			"news2":"上亿流量奖池，助力快手棋神之路",
			"news2temp":"10/16",
			"news3":"10月21日体验服停机更新公告",
			"news3temp":"10/16",
			"news4":"限定皮肤返场投票开启公告及FAQ",
			"news4temp":"10/16",
			"news5":"AG超玩会 vs eStarPro：头名之争，稷下版本终局战",
			"news5temp":"10/16"
		},
		{
			"news":"抢先体验周年限定皮肤，婉儿登台，越剧首秀活动开启",
			"newstemp":"10/16",
			"news2":"上官婉儿·梁祝跨次元来袭，梦泪携众大神主播正在直播中！",
			"news2temp":"10/16",
			"news3":"10月21日体验服停机更新公告",
			"news3temp":"10/16",
			"news4":"峡谷最强战队争霸赛落幕，冠军诞生！",
			"news4temp":"10/16",
			"news5":"【KPL今日预报】EDG.M vs RW侠，骑士和侠客的正面碰触",
			"news5temp":"10/16"
		},
		{
			"news":"10月21日体验服停机更新公告",
			"newstemp":"10/16",
			"news2":"峡谷棋王，该我上场！ 首届王者模拟战邀请赛KPL联盟赛区今日12:00正式开赛",
			"news2temp":"10/16",
			"news3":"10月18日全服不停机更新公告",
			"news3temp":"10/16",
			"news4":"抢先服更新 新赛季来袭",
			"news4temp":"10/16",
			"news5":"你是赛评师：RNG.M终止五连败保留晋级希望，今天最大的改变在哪里？",
			"news5temp":"10/16"
		},
		{
			"news":"千灯盛会如约而至 ，七城亮灯，与你共赏~",
			"newstemp":"10/16",
			"news2":"周年庆峡谷调整 | 背后的设计思路",
			"news2temp":"10/16",
			"news3":"安卓更新相关问题指引",
			"news3temp":"10/16",
			"news4":"乐享小长假 永久皮肤等你拿",
			"news4temp":"10/16",
			"news5":"[问答整理]EDG.M小暖：厦大学霸因热爱选择打职业，版本更偏向保护型辅助",
			"news5temp":"10/16"
		}
	],
	"Quickentry":[
		{
			"Qeimg":"https://ossweb-img.qq.com/upload/webplat/info/yxzj/20191016/261381146383468.png"
		},
		{
			"Qeimg":"https://ossweb-img.qq.com/upload/webplat/info/yxzj/20181210/86638782789061.jpg"
		},
		{
			"Qeimg":"https://ossweb-img.qq.com/upload/webplat/info/yxzj/20181210/49934964177020.jpg"
		},
		{
			"Qeimg":"https://ossweb-img.qq.com/upload/webplat/info/yxzj/20190305/58993377293822.jpg"
		}
	],
	"contentvideo":[
		{
			"title":"最新",
			"title2":"王者炸麦了",
			"content":[
				{
					"img":"https://itea-cdn.qq.com/file/tgl/20191021/45faf139868734eddd63331a3a110447.1571672753.4df5e01a1c6e66a74ae3d494c2bfb80b.184x124_6979.jpg",
					"play":"3796",
					"date":"2019-10-22",
					"title":"【峡谷情报局】第85期：掌控时间逆转战局，辅助之神孙膑归来"
				},
				{
					"img":"https://itea-cdn.qq.com/file/tgl/20191014/6e7665f0778696a59cdc87c4ce9da604.1571055555.7d82f3f66ecd9024d6ed734521a09352.128x128_5012.jpg",
					"play":"425.7万",
					"date":"2019-10-14",
					"title":"【峡谷情报局】第84期：技能命中率大盘点，宫本武藏成最大赢家"
				},
				{
					"img":"//itea-cdn.qq.com/file/tgl/20191009/53873bcaec5c3fe56e9d681410452d30.1570608389.c0d724d482255fc3912e801693f5cba7.230x140_8523.jpg",
					"play":"23.2万",
					"date":"2019-10-09",
					"title":"【王者克制论】上天入地韩跳跳，教你技巧来压倒"
				},
				{
					"img":"//itea-cdn.qq.com/file/tgl/20191008/d9f1d17a128e6a3a2c047678c6189817.1570530395.5a4dc80288d4174b3849a3db8e17c32e.900x500_67945.jpg",
					"play":"523.3万",
					"date":"2019-10-08",
					"title":"【百星王者带你飞】第110期：飞鹰急袭驰骋峡谷,娜可露露教学"
				},
				{
					"img":"//shp.qpic.cn/cfwebcap/0/9e8f408ce4eadd446b5b3a54d42f32e9/0/?width=230&height=140",
					"play":"434.6万",
					"date":"2019-10-08",
					"title":"【峡谷情报局】第83期：机关造物火力压制，全副武装爆炸输出"
				},
				{
					"img":"https://itea-cdn.qq.com/file/tgl/20191003/a8f73a12cdddf0f835c47d97c73a52de.1570113387.592fac757fbe30b38ed2328a00162349.230x140_9734.jpg",
					"play":"832.0万",
					"date":"2019-10-04",
					"title":"【新天下王者】第1期：流光飞影 黑白无常 弈星辅助流缔造者"
				},
				{
					"img":"https://itea-cdn.qq.com/file/tgl/20190930/53873bcaec5c3fe56e9d681410452d30.1569833477.81ca57ea563f89315432a2e6d508105a.230x140_7673.jpg",
					"play":"11.7万",
					"date":"2019-09-30",
					"title":"【王者克制论】克制西施小技巧，抗衡沉鱼美人计"
				},
				{
					"img":"https://itea-cdn.qq.com/file/tgl/20190930/45faf139868734eddd63331a3a110447.1569829295.7251c66c9e4e1c5d6b946319492b58b5.184x124_6680.jpg",
					"play":"426.0万",
					"date":"2019-09-30",
					"title":"【峡谷情报局】第82期：天隙穿梭云间游历， 风雷助阵羽箭齐发"
				}
			]
		},
		{
			"title":"百星王者带你飞",
			"title2":"KPL观赛指南",
			"content":[
				{
					"img":"//itea-cdn.qq.com/file/tgl/20191008/d9f1d17a128e6a3a2c047678c6189817.1570530395.5a4dc80288d4174b3849a3db8e17c32e.900x500_67945.jpg",
					"play":"523.3万",
					"date":"2019-10-09",
					"title":"【百星王者带你飞】第110期：飞鹰急袭驰骋峡谷,娜可露露教学"
				},
				{
					"img":"https://itea-cdn.qq.com/file/tgl/20190930/45faf139868734eddd63331a3a110447.1569830066.15ef40a71d3ee40312821262260e023a.184x124_6642.jpg",
					"play":"520.8万",
					"date":"2019-09-30",
					"title":"【百星王者带你飞】109期：边路战神项羽，能坦能控输出爆炸"
				},
				{
					"img":"https://itea-cdn.qq.com/file/tgl/20190925/d9f1d17a128e6a3a2c047678c6189817.1569395242.26fdc8427750c453003e36602faee7e0.900x500_61604.jpg",
					"play":"522.5万",
					"date":"2019-09-26",
					"title":"【百星王者带你飞】第108期：你的走位听我的！新英雄西施降临"
				},
				{
					"img":"//itea-cdn.qq.com/file/tgl/20190917/45faf139868734eddd63331a3a110447.1568724907.b583a96bb2cae4c6de218d7722b348ae.184x124_6083.jpg",
					"play":"533.2万",
					"date":"2019-09-18",
					"title":"【百星王者带你飞】第107期：枫叶下的舞者，峡谷中的美少女"
				},
				{
					"img":"https://itea-cdn.qq.com/file/tgl/20190911/a8f73a12cdddf0f835c47d97c73a52de.1568133866.9fa8a874587f7548d7789fc11dc82480.230x140_8603.jpg",
					"play":"537.0万",
					"date":"2019-09-11",
					"title":"【百星王者带你飞】106期：马踏联营一骑当千，美髯公勇往直前"
				},
				{
					"img":"https://itea-cdn.qq.com/file/tgl/20190906/a8f73a12cdddf0f835c47d97c73a52de.1567751797.d6156131af5832e0b0a9ccffce61f338.230x140_8908.jpg",
					"play":"589.6万",
					"date":"2019-09-06",
					"title":"【百星王者带你飞】105期：最强单体爆发射手成吉思汗"
				},
				{
					"img":"https://itea-cdn.qq.com/file/tgl/20190820/a8f73a12cdddf0f835c47d97c73a52de.1566304750.55f590b89a1621eef9a7ab2c2d8cd52c.230x140_12119.jpg",
					"play":"574.9万",
					"date":"2019-08-21",
					"title":"【百星王者带你飞】103期：沈梦溪的暴躁节奏，炸翻峡谷喵计划"
				},
				{
					"img":"//itea-cdn.qq.com/file/tgl/20190813/a8f73a12cdddf0f835c47d97c73a52de.1565702504.b04a901f980a81f301dde147cf22f51b.230x140_13177.jpg",
					"play":"19.7万",
					"date":"2019-08-15",
					"title":"【百星王者带你飞】102期：五虎将终聚首！枪之无限连马超参上"
				}
			]
		},
		{
			"title":"峡谷情报局",
			"title2":"荣耀进行时",
			"content":[
				{
					"img":"https://itea-cdn.qq.com/file/tgl/20191021/45faf139868734eddd63331a3a110447.1571672753.4df5e01a1c6e66a74ae3d494c2bfb80b.184x124_6979.jpg",
					"play":"3796",
					"date":"2019-10-22",
					"title":"【峡谷情报局】第85期：掌控时间逆转战局，辅助之神孙膑归来"
				},
				{
					"img":"https://itea-cdn.qq.com/file/tgl/20191014/6e7665f0778696a59cdc87c4ce9da604.1571055555.7d82f3f66ecd9024d6ed734521a09352.128x128_5012.jpg",
					"play":"425.7万",
					"date":"2019-10-15",
					"title":"【峡谷情报局】第84期：技能命中率大盘点，宫本武藏成最大赢家"
				},
				{
					"img":"//shp.qpic.cn/cfwebcap/0/9e8f408ce4eadd446b5b3a54d42f32e9/0/?width=230&height=140",
					"play":"434.6万",
					"date":"2019-10-08",
					"title":"【峡谷情报局】第83期：机关造物火力压制，全副武装爆炸输出"
				},
				{
					"img":"https://itea-cdn.qq.com/file/tgl/20190930/45faf139868734eddd63331a3a110447.1569829295.7251c66c9e4e1c5d6b946319492b58b5.184x124_6680.jpg",
					"play":"426.0万",
					"date":"2019-09-30",
					"title":"【峡谷情报局】第82期：天隙穿梭云间游历， 风雷助阵羽箭齐发"
				},
				{
					"img":"https://itea-cdn.qq.com/file/tgl/20190923/45faf139868734eddd63331a3a110447.1569250818.4c51a13dfe76391e0e4c515da1529d2b.184x124_7294.jpg",
					"play":"391.3万",
					"date":"2019-09-24",
					"title":"【峡谷情报局】第81期：翻滚突袭一发入魂，究极弩炮瞬间爆炸"
				},
				{
					"img":"https://itea-cdn.qq.com/file/tgl/20190916/45faf139868734eddd63331a3a110447.1568638185.de9fe2d98dd26340058222778f958991.184x124_7159.jpg",
					"play":"424.1万",
					"date":"2019-09-17",
					"title":"【峡谷情报局】第80期：如意金箍夺命连棍，三界神话齐天大圣"
				},
				{
					"img":"//itea-cdn.qq.com/file/tgl/20190909/a8f73a12cdddf0f835c47d97c73a52de.1568036804.86516f70512cee2e32fb5eb0761bd357.230x140_8828.jpg",
					"play":"389.2万",
					"date":"2019-09-10",
					"title":"【峡谷情报局】第79期：久胜战神万剑穿心，四剑合璧铸就奇迹"
				},
				{
					"img":"https://itea-cdn.qq.com/file/tgl/20190902/a8f73a12cdddf0f835c47d97c73a52de.1567437558.2432486f28746719e6cdf367f3b67467.230x140_9457.jpg",
					"play":"412.2万",
					"date":"2019-09-03",
					"title":"【峡谷情报局】第78期：暗影刀锋杀人无形，隐匿突袭出奇制胜"
				}
			]
		},
		{
			"title":"零度王者视角",
			"title2":"大葱哥聊KPL",
			"content":[
				{
					"img":"//itea-cdn.qq.com/file/tgl/20190914/9826a78321e3549d837f73c81c25738b.1568457517.a17099890955012d19b04c890b26b018.230x140_8883.jpg",
					"play":"492.0万",
					"date":"2019-09-15",
					"title":"【零度王者视角】第五十二期：电竞爱迪生，英雄新玩法"
				},
				{
					"img":"https://itea-cdn.qq.com/file/tgl/20190908/9826a78321e3549d837f73c81c25738b.1567915410.ccad8e85ae6ce1d90c20b0564159b45d.230x140_10354.jpg",
					"play":"129.7万",
					"date":"2019-09-08",
					"title":"【零度王者视角】第五十一期：暴击不再唯一，破甲流射手"
				},
				{
					"img":"https://itea-cdn.qq.com/file/tgl/20190831/9826a78321e3549d837f73c81c25738b.1567245874.c50a3af9b8fee2b90a2c71dda44c65f9.230x140_15182.jpg",
					"play":"567.8万",
					"date":"2019-08-31",
					"title":"【零度王者视角】第五十期：亏损？不存在的！快人一步的时间差打"
				},
				{
					"img":"//itea-cdn.qq.com/file/tgl/20190824/9826a78321e3549d837f73c81c25738b.1566640343.2fc927d6eb9aaeefb60266b4d140491e.230x140_16217.jpg",
					"play":"610.4万",
					"date":"2019-08-25",
					"title":"【零度王者视角】第四十九期：欢迎来蹭线，全民富裕的经济互补法"
				},
				{
					"img":"//itea-cdn.qq.com/file/tgl/20190810/9826a78321e3549d837f73c81c25738b.1565433135.8369a26e6eeeb0ce3933cafcfc9e4fda.230x140_16011.jpg",
					"play":"511.1万",
					"date":"2019-08-11",
					"title":"【零度王者视角】第四十七期:消耗or秒杀，高光时刻的关键伤害"
				},
				{
					"img":"//itea-cdn.qq.com/file/tgl/20190803/9826a78321e3549d837f73c81c25738b.1564825401.3e0bbe79b182c2e99e0dff79c0a1ac87.230x140_15205.jpg",
					"play":"506.4万",
					"date":"2019-08-17",
					"title":"【零度王者视角】第四十六期：站我身后输出！屹立不倒的重装坦克"
				},
				{
					"img":"//itea-cdn.qq.com/file/tgl/20190721/9826a78321e3549d837f73c81c25738b.1563699801.94072f0d4f0c7e4e5c2f0b53108a38e3.230x140_15346.jpg",
					"play":"458.6万",
					"date":"2019-07-21",
					"title":"【零度王者视角】第四十四期：崭新致富之路，爆破拆除的推塔节奏"
				},
				{
					"img":"//itea-cdn.qq.com/file/tgl/20190629/9826a78321e3549d837f73c81c25738b.1561782882.20242d04cb58880a0312f980f7cc1fa6.230x140_15497.jpg",
					"play":"537.9万",
					"date":"2019-06-29",
					"title":"【零度王者视角】第四十一期：天崩局全解析，劣势永不投降"
				}
			]
		},
		{
			"title":"峡谷重案组第三季",
			"title2":"王者职业教学",
			"content":[
				{
					"img":"https://itea-cdn.qq.com/file/tgl/20190816/6d293e21e04e26d44dcf96946bfdf528.1565923143.f781e266902ec0bb77f375558c355e6a.960x600_375188.jpg",
					"play":"178.3万",
					"date":"2019-08-16",
					"title":"【峡谷重案组】S3 大结局 重案组绝地反击 大魔头真身揭晓"
				},
				{
					"img":"//itea-cdn.qq.com/file/tgl/20190809/1aacbad9efd57abed1a3fabb06fee49d.1565315680.817ddddf7da3c8863470f05075d612fc.720x405_192388.jpg",
					"play":"164.5万",
					"date":"2019-08-09",
					"title":"【峡谷重案组】S3 第12集 韩信成为敌人，人质命悬一线"
				},
				{
					"img":"https://itea-cdn.qq.com/file/tgl/20190802/9c95ce11b74c23baf56a1f9690c0ea81.1564712926.022941454d92c2a1b508039f5a581eae.960x600_397399.jpg",
					"play":"80.3万",
					"date":"2019-08-02",
					"title":"【峡谷重案组】S3 第11集 狄仁杰之“死” 李白VS大魔头"
				},
				{
					"img":"https://itea-cdn.qq.com/file/tgl/20190726/596b5904ee09579ed7fb808369647a43.1564125767.233cac2c123cbbe0b2b5264914263836.960x600_384351.jpg",
					"play":"114.4万",
					"date":"2019-07-26",
					"title":"【峡谷重案组】S3 第十集 人质反变帮凶？信白矛盾不断"
				},
				{
					"img":"//itea-cdn.qq.com/file/tgl/20190718/7e39f90815d0cbca3fcb1178fb9fa803.1563442566.b264295162fdcdec32430bf9f743f08e.1280x720_313921.jpg",
					"play":"140.1万",
					"date":"2019-07-19",
					"title":"峡谷重案组第3季 第9集 夏日回归！狄仁杰对峙神秘狙击手"
				},
				{
					"img":"//itea-cdn.qq.com/file/tgl/20190202/900x500.1549087652.ecd519a75f3f33670e3442dd40fcc05c.900x500_394884.jpg",
					"play":"41.7万",
					"date":"2019-02-02",
					"title":"【峡谷重案组】2019新春小剧场"
				},
				{
					"img":"//itea-cdn.qq.com/file/tgl/20190105/2019900x500.1546685578.6aa2fb0255a37813a24928c2ca6acb6e.900x500_258921.jpg",
					"play":"339.4万",
					"date":"2019-01-05",
					"title":"【峡谷重案组】2019新年小剧场：祝大家新年一起上分哟"
				},
				{
					"img":"https://itea-cdn.qq.com/file/tgl/20181228/d131b634b301ab2668a2d2900ce5ab5d.1545986903.88c287176ddc4dc9a135a0586f52a7b5.184x124_66671.jpg",
					"play":"807.1万",
					"date":"2018-12-30",
					"title":"峡谷重案组第二季第13集_13"
				}
			]
		},
		{
			"title":"王者克制论",
			"title2":"QG荣耀学院",
			"content":[
				{
					"img":"//itea-cdn.qq.com/file/tgl/20191009/53873bcaec5c3fe56e9d681410452d30.1570608389.c0d724d482255fc3912e801693f5cba7.230x140_8523.jpg",
					"play":"23.3万",
					"date":"2019-10-11",
					"title":"【王者克制论】上天入地韩跳跳，教你技巧来压倒"
				},
				{
					"img":"https://itea-cdn.qq.com/file/tgl/20190930/53873bcaec5c3fe56e9d681410452d30.1569833477.81ca57ea563f89315432a2e6d508105a.230x140_7673.jpg",
					"play":"11.7万",
					"date":"2019-09-30",
					"title":"【王者克制论】克制西施小技巧，抗衡沉鱼美人计"
				},
				{
					"img":"https://itea-cdn.qq.com/file/tgl/20190925/53873bcaec5c3fe56e9d681410452d30.1569399425.15ffb53e35713004ad9de01618210e83.230x140_9502.jpg",
					"play":"14.5万",
					"date":"2019-09-26",
					"title":"【王者克制论】T1中路诸葛亮 全面克制没商量"
				},
				{
					"img":"https://itea-cdn.qq.com/file/tgl/20190910/53873bcaec5c3fe56e9d681410452d30.1568101583.169a4261270f4a76233040ba4861c127.230x140_9295.jpg",
					"play":"5.7万",
					"date":"2019-09-11",
					"title":"【王者克制论】扼杀马超骚走位 枪王折戟秒成渣"
				},
				{
					"img":"https://itea-cdn.qq.com/file/tgl/20190829/53873bcaec5c3fe56e9d681410452d30.1567068249.c133d2f4a5e8400a7803ae67d72cadbe.230x140_27260.jpg",
					"play":"26.4万",
					"date":"2019-08-29",
					"title":"【王者克制论】长腿虞姬打不过？李九教你全面压制！"
				},
				{
					"img":"//itea-cdn.qq.com/file/tgl/20190814/53873bcaec5c3fe56e9d681410452d30.1565751673.7f48af494a57b160371a6476e5d9193a.230x140_26615.jpg",
					"play":"11.9万",
					"date":"2019-08-15",
					"title":"【王者克制论】橘右京无解？李九教你夺刀切橘子！"
				},
				{
					"img":"//itea-cdn.qq.com/file/tgl/20190801/53873bcaec5c3fe56e9d681410452d30.1564638741.a6f6f8c3b136a9fe6e02c5f30cc14fd2.230x140_26387.jpg",
					"play":"31.1万",
					"date":"2019-08-01",
					"title":"【王者克制论】完美克制米莱狄！女王秒变小猫咪"
				},
				{
					"img":"https://itea-cdn.qq.com/file/tgl/20190716/53873bcaec5c3fe56e9d681410452d30.1563261488.ff77f33093568d9726458af16d9fafb4.230x140_24659.jpg",
					"play":"19.2万",
					"date":"2019-07-18",
					"title":"【王者克制论】孙策克制全解析峡谷漂移飙车王在线翻船没商量"
				}
			]
		},
		{
			"title":"上分拍档",
			"title2":"我来carry",
			"content":[
				{
					"img":"https://itea-cdn.qq.com/file/tgl/20190905/a8f73a12cdddf0f835c47d97c73a52de.1567679414.505cfb09e924267f57ee0603ee46c74e.230x140_7526.jpg",
					"play":"496.6万",
					"date":"2019-09-06",
					"title":"【上分拍档】第97期：亚瑟、白起+典韦 雷震连控 削铁如泥"
				},
				{
					"img":"https://itea-cdn.qq.com/file/tgl/20190829/a8f73a12cdddf0f835c47d97c73a52de.1567072774.9b2e99d55ddd4c7694847a71d195c040.230x140_12140.jpg",
					"play":"547.9万",
					"date":"2019-08-29",
					"title":"【上分拍档】第96期：孙尚香+张飞 暗影重弩 破甲无痕"
				},
				{
					"img":"//itea-cdn.qq.com/file/tgl/20190822/a8f73a12cdddf0f835c47d97c73a52de.1566464054.cc107c34704055fe81ce1f8741fc2d1c.230x140_10835.jpg",
					"play":"801.3万",
					"date":"2019-08-23",
					"title":"【上分拍档】第95期：马超+孙膑  时空流转 冷晖常在"
				},
				{
					"img":"https://itea-cdn.qq.com/file/tgl/20190815/a8f73a12cdddf0f835c47d97c73a52de.1565855885.4e9ba16a7946942e5036d34bd872727d.230x140_12828.jpg",
					"play":"562.3万",
					"date":"2019-08-16",
					"title":"【上分拍档】第94期：大乔+公孙离 宿命之海 进退自如"
				},
				{
					"img":"https://itea-cdn.qq.com/file/tgl/20190808/a8f73a12cdddf0f835c47d97c73a52de.1565254337.f947015c1e8ca2250eed1d80f350eef2.230x140_13167.jpg",
					"play":"597.4万",
					"date":"2019-08-08",
					"title":"【上分拍档】第93期：干将莫邪+东皇   龙王堕神 飞剑落命"
				},
				{
					"img":"//itea-cdn.qq.com/file/tgl/20190801/a8f73a12cdddf0f835c47d97c73a52de.1564648515.7feb3fe7cfb85a3e4214cc67e6d89248.230x140_12659.jpg",
					"play":"571.3万",
					"date":"2019-08-02",
					"title":"【上分拍档】92期：米莱狄+赵云  智械围城 平推三路"
				},
				{
					"img":"https://itea-cdn.qq.com/file/tgl/20190725/a8f73a12cdddf0f835c47d97c73a52de.1564046935.263b7d7b7c433153fe4913923f5a44c3.230x140_11947.jpg",
					"play":"589.1万",
					"date":"2019-07-26",
					"title":"【上分拍档】第91期：弈星+吕布   魔星降世 弈网成擒"
				},
				{
					"img":"//itea-cdn.qq.com/file/tgl/20190712/a8f73a12cdddf0f835c47d97c73a52de.1562915561.c1e3ae01ca919b10921a48d2840efde1.230x140_12337.jpg",
					"play":"547.5万",
					"date":"2019-07-12",
					"title":"【上分拍档】第89期：沈梦溪+赵云   翻手为云 覆手为溪"
				}
			]
		}
	],
	"contest":[
		{
			"pic":"https://ossweb-img.qq.com/upload/webplat/info/yxzj/20190909/11972441328546.jpg",
			"nuws":"嘴强王者：一代版本一代神，新版本降临比赛服你们看好谁？",
			"title":[
				{"content":"嘴强王者：一代版本一代神，新版本降临比赛服你们看好谁？","genre":"KPL","date":"10-20"},
				{"content":"秋季赛快讯：QG稳中带狠击败DYG.JC，Fly马超枪枪致命超神杀戮","genre":"KPL","date":"10-20"},
				{"content":"【简讯】QGhappy成为2019年KPL秋季赛第二支锁定季后赛资格队伍","genre":"KPL","date":"10-20"},
				{"content":"上官婉儿梁祝新皮肤SOLO赛快讯：QGhappy.Mojo击败DYG.JC.青浪","genre":"KPL","date":"10-20"},
				{"content":"秋季赛快讯：TES零封YTG拿下新版本首胜，迷神不迷所向披靡斩获局最佳三连","genre":"KPL","date":"10-20"},
				{"content":"KPL秋季赛鱼你说第七期：E星横扫赛场，JC状态回升","genre":"KPL","date":"10-20"},
				{"content":"上官婉儿新皮肤Solo赛来袭，KPL顶尖中路选手带你提前感受","genre":"KPL","date":"10-20"}
			],
			"requency":[
				{
				"img":"//shp.qpic.cn/cfwebcap/0/5f701d184b4a60f06d1c6cddf5de2332/0/?width=230&height=140",
				"play":"2.2万",
				"data":"2019-10-23",
				"title":"【观赛指南7】新版本特别篇-风暴龙王"
				},
				{
				"img":"//shp.qpic.cn/cfwebcap/0/48b5f8de986b0103891c0d5f472c8e71/0/?width=230&height=140",
				"play":"158",
				"data":"2019-10-23",
				"title":"【观赛指南7】第32期 老将出马迎战新版本"
				},
				{
				"img":"//shp.qpic.cn/cfwebcap/0/c918fc410cee41159660848ac99b6cb4/0/?width=230&height=140",
				"play":"2.1万",
				"data":"2019-10-22",
				"title":"【精彩集锦】TES强势零封YTG，QGhappy战胜DYG.JC晋级季后赛"
				},
				{
				"img":"//shp.qpic.cn/cfwebcap/0/31bd9e41946bdc34448e9b745b581b41/0/?width=230&height=140",
				"play":"9746",
				"data":"2019-10-22",
				"title":"【赛事速递】迷神状态火热TES零封对手，QGhappy成功进入季后赛"
				},
				{
				"img":"//shp.qpic.cn/cfwebcap/0/0695a50a4e6f8b31e9b75c96d4152196/0/?width=230&height=140",
				"play":"3653",
				"data":"2019-10-22",
				"title":"【赛后采访】770：一直都有改变风格、打法；林：不是版本的问题，对局面没有处理好"
				},
				{
				"img":"//shp.qpic.cn/cfwebcap/0/93c39c3fbc4f3a69395f6d534686009b/0/?width=230&height=140",
				"play":"4112",
				"data":"2019-10-22",
				"title":"【精彩时刻】QG紧密配合，Hurt成吉思汗灵性走位输出，零换四最终胜利进入季后赛"
				},
				{
				"img":"//shp.qpic.cn/cfwebcap/0/af5e2c6fb64de5ef94f99426aba49d8d/0/?width=230&height=140",
				"play":"4669",
				"data":"2019-10-22",
				"title":"【精彩时刻】770蔡文姬奶量惊人，Hurt马可波罗勇夺双杀，QG团灭DYG.JC"
				},
				{
				"img":"//shp.qpic.cn/cfwebcap/0/5dfbbd5c45e9aa7e99248cb807ef1d4e/0/?width=230&height=140",
				"play":"2523",
				"data":"2019-10-22",
				"title":"【精彩时刻】易峥孙尚香细致走位持续输出，OvO哪吒双杀，DYG.JC直接扳回一局"
				}
			]
		},
		{
			"pic":"https://ossweb-img.qq.com/upload/webplat/info/yxzj/20190508/773281018337004.jpg",
			"nuws":"2019年王者荣耀冬季冠军杯赛制与名额规则公布！",
			"title":[
				{"content":"嘴强王者：一代版本一代神，新版本降临比赛服你们看好谁？","genre":"KCC","date":"09-11"},
				{"content":"秋季赛快讯：QG稳中带狠击败DYG.JC，Fly马超枪枪致命超神杀戮","genre":"KCC","date":"09-11"},
				{"content":"【简讯】QGhappy成为2019年KPL秋季赛第二支锁定季后赛资格队伍","genre":"KCC","date":"09-11"},
				{"content":"上官婉儿梁祝新皮肤SOLO赛快讯：QGhappy.Mojo击败DYG.JC.青浪","genre":"KCC","date":"09-11"},
				{"content":"秋季赛快讯：TES零封YTG拿下新版本首胜，迷神不迷所向披靡斩获局最佳三连","genre":"KCC","date":"09-11"},
				{"content":"KPL秋季赛鱼你说第七期：E星横扫赛场，JC状态回升","genre":"KCC","date":"09-11"},
				{"content":"上官婉儿新皮肤Solo赛来袭，KPL顶尖中路选手带你提前感受","genre":"KCC","date":"09-11"}
			],
			"requency":[
				{
				"img":"//puui.qpic.cn/qqvideo_ori/0/x0922qmko8d_1280_720/0",
				"play":"2.2万",
				"data":"2019-10-23",
				"title":"诺言逃生集锦：是你飘了，还是我诺言跑不动了？这画面简直帅炸了"
				},
				{
				"img":"//puui.qpic.cn/qqvideo_ori/0/i0921gpe4oc_1280_720/0",
				"play":"158",
				"data":"2019-10-23",
				"title":"这歌真的有点苦涩！猫神高渐离霸气开团"
				},
				{
				"img":"//puui.qpic.cn/qqvideo_ori/0/g0921jhs0ha_1280_720/0",
				"play":"2.1万",
				"data":"2019-10-22",
				"title":"Djie一闪侧翼进场，梦奇小爪子疯狂乱舞！"
				},
				{
				"img":"//puui.qpic.cn/qqvideo_ori/0/z092122i7uv_1280_720/0",
				"play":"9746",
				"data":"2019-10-22",
				"title":"王者荣耀世冠：远游之枪华丽收割，花满楼世冠马可波罗击杀集锦"
				},
				{
				"img":"//puui.qpic.cn/qqvideo_ori/0/r09212zlrm4_1280_720/0",
				"play":"3653",
				"data":"2019-10-22",
				"title":"花海云中君暴走时刻，这波三杀真的帅气！"
				},
				{
				"img":"//puui.qpic.cn/qqvideo_ori/0/b0921yawkou_1280_720/0",
				"play":"4112",
				"data":"2019-10-22",
				"title":"世冠雨雨关羽集锦：这就是实力！千万雄兵莫敢当，单刀匹马斩四方"
				},
				{
				"img":"//puui.qpic.cn/qqvideo_ori/0/v09208e26mb_1280_720/0",
				"play":"4669",
				"data":"2019-10-22",
				"title":"王者荣耀世冠：花海已经“疯”掉了！且看解说如何看待花海玄策"
				},
				{
				"img":"//puui.qpic.cn/qqvideo_ori/0/l09205ugisi_1280_720/0",
				"play":"2523",
				"data":"2019-10-22",
				"title":"这才是我认识的砍王诺言！这反杀也就吹一年而已"
				}
			]
		},
		{
			"pic":"https://ossweb-img.qq.com/upload/webplat/info/yxzj/20191022/82748313996131.jpg",
			"nuws":"KRKPL快讯：EMC击溃大魔王GOG，AOLIN铠皇附体怒斩双C",
			"title":[
				{"content":"嘴强王者：一代版本一代神，新版本降临比赛服你们看好谁？","genre":"KRKRL","date":"10-22"},
				{"content":"秋季赛快讯：QG稳中带狠击败DYG.JC，Fly马超枪枪致命超神杀戮","genre":"KRKRL","date":"10-22"},
				{"content":"【简讯】QGhappy成为2019年KPL秋季赛第二支锁定季后赛资格队伍","genre":"KRKRL","date":"10-22"},
				{"content":"上官婉儿梁祝新皮肤SOLO赛快讯：QGhappy.Mojo击败DYG.JC.青浪","genre":"KRKRL","date":"10-22"},
				{"content":"秋季赛快讯：TES零封YTG拿下新版本首胜，迷神不迷所向披靡斩获局最佳三连","genre":"KRKRL","date":"10-22"},
				{"content":"KPL秋季赛鱼你说第七期：E星横扫赛场，JC状态回升","genre":"KRKRL","date":"10-22"},
				{"content":"上官婉儿新皮肤Solo赛来袭，KPL顶尖中路选手带你提前感受","genre":"KRKRL","date":"10-22"}
			],
			"requency":[
				{
				"img":"//shp.qpic.cn/cfwebcap/0/f67a154db0b17020c0a63466656f35c2/0/?width=230&height=140",
				"play":"2.2万",
				"data":"2019-10-23",
				"title":"【观赛指南7】新版本特别篇-风暴龙王"
				},
				{
				"img":"//shp.qpic.cn/cfwebcap/0/f67a154db0b17020c0a63466656f35c2/0/?width=230&height=140",
				"play":"158",
				"data":"2019-10-23",
				"title":"【观赛指南7】第32期 老将出马迎战新版本"
				},
				{
				"img":"//shp.qpic.cn/cfwebcap/0/f67a154db0b17020c0a63466656f35c2/0/?width=230&height=140",
				"play":"2.1万",
				"data":"2019-10-22",
				"title":"【精彩集锦】TES强势零封YTG，QGhappy战胜DYG.JC晋级季后赛"
				},
				{
				"img":"//shp.qpic.cn/cfwebcap/0/f67a154db0b17020c0a63466656f35c2/0/?width=230&height=140",
				"play":"9746",
				"data":"2019-10-22",
				"title":"【赛事速递】迷神状态火热TES零封对手，QGhappy成功进入季后赛"
				},
				{
				"img":"//shp.qpic.cn/cfwebcap/0/f67a154db0b17020c0a63466656f35c2/0/?width=230&height=140",
				"play":"3653",
				"data":"2019-10-22",
				"title":"【赛后采访】770：一直都有改变风格、打法；林：不是版本的问题，对局面没有处理好"
				},
				{
				"img":"//shp.qpic.cn/cfwebcap/0/f67a154db0b17020c0a63466656f35c2/0/?width=230&height=140",
				"play":"4112",
				"data":"2019-10-22",
				"title":"【精彩时刻】QG紧密配合，Hurt成吉思汗灵性走位输出，零换四最终胜利进入季后赛"
				},
				{
				"img":"//shp.qpic.cn/cfwebcap/0/f67a154db0b17020c0a63466656f35c2/0/?width=230&height=140",
				"play":"4669",
				"data":"2019-10-22",
				"title":"【精彩时刻】770蔡文姬奶量惊人，Hurt马可波罗勇夺双杀，QG团灭DYG.JC"
				},
				{
				"img":"//shp.qpic.cn/cfwebcap/0/f67a154db0b17020c0a63466656f35c2/0/?width=230&height=140",
				"play":"2523",
				"data":"2019-10-22",
				"title":"【精彩时刻】易峥孙尚香细致走位持续输出，OvO哪吒双杀，DYG.JC直接扳回一局"
				}
			]
		},
		{
			"pic":"https://ossweb-img.qq.com/upload/webplat/info/yxzj/20180912/245721302555343.jpg",
			"nuws":"城市赛全国大赛即将开启，线上“峡谷探秘”活动宝典请签收！城市赛全国大赛即将开启，线上“峡谷探秘”活动宝典请签收！",
			"title":[
				{"content":"嘴强王者：一代版本一代神，新版本降临比赛服你们看好谁？","genre":"KOC","date":"10-17"},
				{"content":"秋季赛快讯：QG稳中带狠击败DYG.JC，Fly马超枪枪致命超神杀戮","genre":"KOC","date":"10-17"},
				{"content":"【简讯】QGhappy成为2019年KPL秋季赛第二支锁定季后赛资格队伍","genre":"KOC","date":"10-17"},
				{"content":"上官婉儿梁祝新皮肤SOLO赛快讯：QGhappy.Mojo击败DYG.JC.青浪","genre":"KOC","date":"10-17"},
				{"content":"秋季赛快讯：TES零封YTG拿下新版本首胜，迷神不迷所向披靡斩获局最佳三连","genre":"KOC","date":"10-17"},
				{"content":"KPL秋季赛鱼你说第七期：E星横扫赛场，JC状态回升","genre":"KOC","date":"10-17"},
				{"content":"上官婉儿新皮肤Solo赛来袭，KPL顶尖中路选手带你提前感受","genre":"KOC","date":"10-17"}
			],
			"requency":[
				{
				"img":"//shp.qpic.cn/cfwebcap/0/c5d70425e8a8bbcae05a3c66a27202b0/0/?width=230&height=140",
				"play":"2.2万",
				"data":"2019-10-23",
				"title":"第七届王者荣耀城市赛安徽省决赛在铜陵市政府广场圆满落幕"
				},
				{
				"img":"http://puui.qpic.cn/qqvideo_ori/0/l0909ey8b91_1280_720/0",
				"play":"158",
				"data":"2019-10-23",
				"title":"王者荣耀：eStar双人偷暴君遭围剿，公孙离灵动走位反拿四杀"
				},
				{
				"img":"//shp.qpic.cn/cfwebcap/0/d80eee3ae58f6ac150099cc52710a066/0/?width=230&height=140",
				"play":"2.1万",
				"data":"2019-10-22",
				"title":"谁说女子不如男，第七届王者荣耀城市赛西安Gpark站给你好看"
				},
				{
				"img":"//shp.qpic.cn/cfwebcap/0/3359545f9533da6a6b71e65c832a7ff7/0/?width=230&height=140",
				"play":"9746",
				"data":"2019-10-22",
				"title":"第七届王者荣耀城市赛西安momopark站完美收官！"
				},
				{
				"img":"//shp.qpic.cn/cfwebcap/0/b0e646dde4650612027480ddcb2bf736/0/?width=230&height=140",
				"play":"3653",
				"data":"2019-10-22",
				"title":"王者荣耀城市赛武汉站现场回顾"
				},
				{
				"img":"//puui.qpic.cn/vpic/0/u0893tgcrdw.png/0",
				"play":"4112",
				"data":"2019-10-22",
				"title":"王者荣耀城市赛深圳站精彩回顾"
				},
				{
				"img":"//shp.qpic.cn/cfwebcap/0/a6b4c6677c90375d52097dd63248214e/0/?width=230&height=140",
				"play":"4669",
				"data":"2019-10-22",
				"title":"决战中洲 鹏城之巅 王者盛宴  等你来战"
				},
				{
				"img":"//shp.qpic.cn/cfwebcap/0/e416f35aaf7ec16f8160ae73dfc6de0f/0/?width=230&height=140",
				"play":"2523",
				"data":"2019-10-22",
				"title":"【第五届高校联赛总决赛】电子科技vs同济大学 小组赛第一场"
				}
			]
		},
		{
			"pic":"https://ossweb-img.qq.com/upload/webplat/info/yxzj/20191017/7103135923848.jpg",
			"nuws":"高校区域联赛今日开启报名，海选赛首周号角同时吹响！",
			"title":[
				{"content":"嘴强王者：一代版本一代神，新版本降临比赛服你们看好谁？","genre":"高校赛","date":"10-17"},
				{"content":"秋季赛快讯：QG稳中带狠击败DYG.JC，Fly马超枪枪致命超神杀戮","genre":"高校赛","date":"10-17"},
				{"content":"【简讯】QGhappy成为2019年KPL秋季赛第二支锁定季后赛资格队伍","genre":"高校赛","date":"10-17"},
				{"content":"上官婉儿梁祝新皮肤SOLO赛快讯：QGhappy.Mojo击败DYG.JC.青浪","genre":"高校赛","date":"10-17"},
				{"content":"秋季赛快讯：TES零封YTG拿下新版本首胜，迷神不迷所向披靡斩获局最佳三连","genre":"高校赛","date":"10-17"},
				{"content":"KPL秋季赛鱼你说第七期：E星横扫赛场，JC状态回升","genre":"高校赛","date":"10-17"},
				{"content":"上官婉儿新皮肤Solo赛来袭，KPL顶尖中路选手带你提前感受","genre":"高校赛","date":"10-17"}
			],
			"requency":[
				{
				"img":"//shp.qpic.cn/cfwebcap/0/616bb38b98e1d7e5da19c61fe19aa91f/0/?width=230&height=140",
				"play":"2.2万",
				"data":"2019-10-23",
				"title":"【高校联赛趣味移轴视频】炎炎夏日，来场校园对决吧！"
				},
				{
				"img":"//shp.qpic.cn/cfwebcap/0/9206cb7dce24f9715d84206eefe906cc/0/?width=230&height=140",
				"play":"158",
				"data":"2019-10-23",
				"title":"刻木为画，一触即发--第五届王者荣耀高校联赛木刻版画助威视频"
				},
				{
				"img":"//shp.qpic.cn/cfwebcap/0/17da3e4961b75d8428a48c567c472132/0/?width=230&height=140",
				"play":"2.1万",
				"data":"2019-10-22",
				"title":"高校联赛王者战歌演唱创意视频"
				},
				{
				"img":"//shp.qpic.cn/cfwebcap/0/3ac8d6cdb01d5906fef9040252db9445/0/?width=230&height=140",
				"play":"9746",
				"data":"2019-10-22",
				"title":"【第五届高校联赛总决赛电竞访谈互动】人气嘉宾现场分享经验"
				},
				{
				"img":"//shp.qpic.cn/cfwebcap/0/82fcfb4bca61991b669b870f9ec8f052/0/?width=230&height=140",
				"play":"3653",
				"data":"2019-10-22",
				"title":"【第五届高校联赛总决赛冠亚之战】电子科技vs湖南工职第四场"
				},
				{
				"img":"//shp.qpic.cn/cfwebcap/0/e93cc45501695ac387c0c1658b884164/0/?width=230&height=140",
				"play":"4112",
				"data":"2019-10-22",
				"title":"【第五届高校联赛总决赛冠亚之战】电子科技vs湖南工职第三场"
				},
				{
				"img":"//shp.qpic.cn/cfwebcap/0/194344a29097574320327be7151777c7/0/?width=230&height=140",
				"play":"4669",
				"data":"2019-10-22",
				"title":"【第五届高校联赛总决赛冠亚之战】电子科技vs湖南工职第二场"
				},
				{
				"img":"//shp.qpic.cn/cfwebcap/0/b68d3fc8284623b0d740ba29d70681b7/0/?width=230&height=140",
				"play":"2523",
				"data":"2019-10-22",
				"title":"【第五届高校联赛总决赛冠亚之战】电子科技vs湖南工职第一场"
				}
			]
		},
		{
			"pic":"https://ossweb-img.qq.com/upload/webplat/info/yxzj/20180306/906471392751932.jpg",
			"nuws":"【战报】王者荣耀4月第三周：杨玉环锋芒毕露 HEC碾压取胜",
			"title":[
				{"content":"嘴强王者：一代版本一代神，新版本降临比赛服你们看好谁？","genre":"TGA","date":"05-16"},
				{"content":"秋季赛快讯：QG稳中带狠击败DYG.JC，Fly马超枪枪致命超神杀戮","genre":"TGA","date":"05-16"},
				{"content":"【简讯】QGhappy成为2019年KPL秋季赛第二支锁定季后赛资格队伍","genre":"TGA","date":"05-16"},
				{"content":"上官婉儿梁祝新皮肤SOLO赛快讯：QGhappy.Mojo击败DYG.JC.青浪","genre":"TGA","date":"05-16"},
				{"content":"秋季赛快讯：TES零封YTG拿下新版本首胜，迷神不迷所向披靡斩获局最佳三连","genre":"TGA","date":"05-16"},
				{"content":"KPL秋季赛鱼你说第七期：E星横扫赛场，JC状态回升","genre":"TGA","date":"05-16"},
				{"content":"上官婉儿新皮肤Solo赛来袭，KPL顶尖中路选手带你提前感受","genre":"TGA","date":"05-16"}
			],
			"requency":[
				{
				"img":"//puui.qpic.cn/vpic/0/g0610vaewkq.png/0",
				"play":"2.2万",
				"data":"2019-10-23",
				"title":"2018 TGA VTG VS RF set 3"
				},
				{
				"img":"//puui.qpic.cn/vpic/0/g0610gro4ul.png/0",
				"play":"158",
				"data":"2019-10-23",
				"title":"2018 TGA VTG VS RF set 3"
				},
				{
				"img":"//puui.qpic.cn/vpic/0/g0610vaewkq.png/0",
				"play":"2.1万",
				"data":"2019-10-22",
				"title":"2018 TGA VTG VS RF set 1"
				},
				{
				"img":"//puui.qpic.cn/vpic/0/w06101ae0rg.png/0",
				"play":"9746",
				"data":"2019-10-22",
				"title":"2018 TGA LYG VS sViper set 3"
				},
				{
				"img":"//puui.qpic.cn/vpic/0/c0610xryfds.png/0",
				"play":"3653",
				"data":"2019-10-22",
				"title":"2018 TGA LYG VS sViper set 1"
				},
				{
				"img":"//puui.qpic.cn/vpic/0/d0609rjyfrf.png/0",
				"play":"4112",
				"data":"2019-10-22",
				"title":"2018 TGA VTG VS ADC set 3"
				},
				{
				"img":"//puui.qpic.cn/vpic/0/g06093nuwjf.png/0",
				"play":"4669",
				"data":"2019-10-22",
				"title":"2018 TGA VTG VS ADC set 2"
				},
				{
				"img":"//puui.qpic.cn/vpic/0/g06093nuwjf.png/0",
				"play":"2523",
				"data":"2019-10-22",
				"title":"2018 TGA VTG VS ADC set 1"
				}
			]
		},
		{
			"pic":"https://ossweb-img.qq.com/upload/webplat/info/yxzj/20180926/597531354623599.jpg",
			"nuws":"斗鱼直播、虎牙直播、触手直播、企鹅电竞四大平台的《王者荣耀》超级主播携手亚运会冠军队伍和KRKPL冠军队伍KZ战队相聚于此，跨界组队超人气偶像明星坤音四子ONER和综艺大咖杨迪，混搭热血竞技与搞笑综艺，佐以逆天的颜值，这几个小时的直播完全不！够！看！啊！",
			"title":[
				{"content":"嘴强王者：一代版本一代神，新版本降临比赛服你们看好谁？","genre":"WGL","date":"02-12"},
				{"content":"秋季赛快讯：QG稳中带狠击败DYG.JC，Fly马超枪枪致命超神杀戮","genre":"WGL","date":"02-12"},
				{"content":"【简讯】QGhappy成为2019年KPL秋季赛第二支锁定季后赛资格队伍","genre":"WGL","date":"02-12"},
				{"content":"上官婉儿梁祝新皮肤SOLO赛快讯：QGhappy.Mojo击败DYG.JC.青浪","genre":"WGL","date":"02-12"},
				{"content":"秋季赛快讯：TES零封YTG拿下新版本首胜，迷神不迷所向披靡斩获局最佳三连","genre":"WGL","date":"02-12"},
				{"content":"KPL秋季赛鱼你说第七期：E星横扫赛场，JC状态回升","genre":"WGL","date":"02-12"},
				{"content":"上官婉儿新皮肤Solo赛来袭，KPL顶尖中路选手带你提前感受","genre":"WGL","date":"02-12"}
			],
			"requency":[
				{
				"img":"//puui.qpic.cn/vpic/0/a0834cepkar.png/0",
				"play":"2.2万",
				"data":"2019-10-23",
				"title":"聚星之夜王者集结，ONER带队峡谷开黑"
				},
				{
				"img":"//puui.qpic.cn/vpic/0/a0834cepkar.png/0",
				"play":"158",
				"data":"2019-10-23",
				"title":"聚星之夜王者集结，ONER带队峡谷开黑"
				},
				{
				"img":"//puui.qpic.cn/vpic/0/a0834cepkar.png/0",
				"play":"2.1万",
				"data":"2019-10-22",
				"title":"聚星之夜王者集结，ONER带队峡谷开黑"
				},
				{
				"img":"//puui.qpic.cn/vpic/0/a0834cepkar.png/0",
				"play":"9746",
				"data":"2019-10-22",
				"title":"聚星之夜王者集结，ONER带队峡谷开黑"
				},
				{
				"img":"//shp.qpic.cn/cfwebcap/2435192832/cc22501f37fbd85eca6c660f86626c9d/0/?width=230&height=140",
				"play":"3653",
				"data":"2019-10-22",
				"title":"微信游戏邀请赛 聚星之夜－明星表演赛"
				},
				{
				"img":"//shp.qpic.cn/cfwebcap/2435192832/cc22501f37fbd85eca6c660f86626c9d/0/?width=230&height=140",
				"play":"4112",
				"data":"2019-10-22",
				"title":"微信游戏邀请赛 聚星之夜－明星表演赛"
				},
				{
				"img":"//puui.qpic.cn/vpic/0/o0832z4cdln.png/0",
				"play":"4669",
				"data":"2019-10-22",
				"title":"微信游戏邀请赛 聚星之夜－女神保卫战"
				},
				{
				"img":"//puui.qpic.cn/vpic/0/o0832z4cdln.png/0",
				"play":"2523",
				"data":"2019-10-22",
				"title":"微信游戏邀请赛 聚星之夜－女神保卫战"
				}
			]
		},
		{
			"pic":"https://ossweb-img.qq.com/upload/webplat/info/yxzj/20180926/597531354623599.jpg",
			"nuws":"斗鱼直播、虎牙直播、触手直播、企鹅电竞四大平台的《王者荣耀》超级主播携手亚运会冠军队伍和KRKPL冠军队伍KZ战队相聚于此，跨界组队超人气偶像明星坤音四子ONER和综艺大咖杨迪，混搭热血竞技与搞笑综艺，佐以逆天的颜值，这几个小时的直播完全不！够！看！啊！",
			"title":[
				{"content":"嘴强王者：一代版本一代神，新版本降临比赛服你们看好谁？","genre":"WGL","date":"02-12"},
				{"content":"秋季赛快讯：QG稳中带狠击败DYG.JC，Fly马超枪枪致命超神杀戮","genre":"WGL","date":"02-12"},
				{"content":"【简讯】QGhappy成为2019年KPL秋季赛第二支锁定季后赛资格队伍","genre":"WGL","date":"02-12"},
				{"content":"上官婉儿梁祝新皮肤SOLO赛快讯：QGhappy.Mojo击败DYG.JC.青浪","genre":"WGL","date":"02-12"},
				{"content":"秋季赛快讯：TES零封YTG拿下新版本首胜，迷神不迷所向披靡斩获局最佳三连","genre":"WGL","date":"02-12"},
				{"content":"KPL秋季赛鱼你说第七期：E星横扫赛场，JC状态回升","genre":"WGL","date":"02-12"},
				{"content":"上官婉儿新皮肤Solo赛来袭，KPL顶尖中路选手带你提前感受","genre":"WGL","date":"02-12"}
			],
			"requency":[
				{
				"img":"//shp.qpic.cn/cfwebcap/0/5f701d184b4a60f06d1c6cddf5de2332/0/?width=230&height=140",
				"play":"2.2万",
				"data":"2019-10-23",
				"title":"【观赛指南7】新版本特别篇-风暴龙王"
				},
				{
				"img":"//shp.qpic.cn/cfwebcap/0/48b5f8de986b0103891c0d5f472c8e71/0/?width=230&height=140",
				"play":"158",
				"data":"2019-10-23",
				"title":"【观赛指南7】第32期 老将出马迎战新版本"
				},
				{
				"img":"//shp.qpic.cn/cfwebcap/0/c918fc410cee41159660848ac99b6cb4/0/?width=230&height=140",
				"play":"2.1万",
				"data":"2019-10-22",
				"title":"【精彩集锦】TES强势零封YTG，QGhappy战胜DYG.JC晋级季后赛"
				},
				{
				"img":"//shp.qpic.cn/cfwebcap/0/31bd9e41946bdc34448e9b745b581b41/0/?width=230&height=140",
				"play":"9746",
				"data":"2019-10-22",
				"title":"【赛事速递】迷神状态火热TES零封对手，QGhappy成功进入季后赛"
				},
				{
				"img":"//shp.qpic.cn/cfwebcap/0/0695a50a4e6f8b31e9b75c96d4152196/0/?width=230&height=140",
				"play":"3653",
				"data":"2019-10-22",
				"title":"【赛后采访】770：一直都有改变风格、打法；林：不是版本的问题，对局面没有处理好"
				},
				{
				"img":"//shp.qpic.cn/cfwebcap/0/93c39c3fbc4f3a69395f6d534686009b/0/?width=230&height=140",
				"play":"4112",
				"data":"2019-10-22",
				"title":"【精彩时刻】QG紧密配合，Hurt成吉思汗灵性走位输出，零换四最终胜利进入季后赛"
				},
				{
				"img":"//shp.qpic.cn/cfwebcap/0/af5e2c6fb64de5ef94f99426aba49d8d/0/?width=230&height=140",
				"play":"4669",
				"data":"2019-10-22",
				"title":"【精彩时刻】770蔡文姬奶量惊人，Hurt马可波罗勇夺双杀，QG团灭DYG.JC"
				},
				{
				"img":"//shp.qpic.cn/cfwebcap/0/5dfbbd5c45e9aa7e99248cb807ef1d4e/0/?width=230&height=140",
				"play":"2523",
				"data":"2019-10-22",
				"title":"【精彩时刻】易峥孙尚香细致走位持续输出，OvO哪吒双杀，DYG.JC直接扳回一局"
				}
			]
		}
	]
}