{
  "id": "",
  "name": "",
  "font_family": "iconfont",
  "css_prefix_text": "icon-",
  "description": "",
  "glyphs": [
    {
      "icon_id": "1159882",
      "name": "电量",
      "font_class": "dianliang",
      "unicode": "e612",
      "unicode_decimal": 58898
    },
    {
      "icon_id": "6806568",
      "name": "3G-Network",
      "font_class": "G-Network",
      "unicode": "eb0e",
      "unicode_decimal": 60174
    },
    {
      "icon_id": "9512515",
      "name": "闹钟",
      "font_class": "clock",
      "unicode": "e616",
      "unicode_decimal": 58902
    }
  ]
}
