{
  "code":200,
  "data":[
        {
          "img":"item-img0329_01.jpg",
          "title":"台湾环岛8日7晚跟团游。甩尾狂甩3人行1人免单",
          "price":"1999"
        },
        {
          "img":"item-img0329_02.jpg",
          "title":"巴厘岛7日5晚自由行。五星豪庭，三星价格3月特",
          "price":"2989"
        },
        {
          "img":"item-img0329_03.jpg",
          "title":"韩国首尔5日4晚跟团游。暑假预售商圈五花，好",
          "price":"1699"
        },
        {
          "img":"item-img0329_04.jpg",
          "title":"马尔代夫6日自由行·6日4晚。全球顶级海岛蜜月",
          "price":"3099"
        },
        {
          "img":"item-img0329_05.jpg",
          "title":"香港5日自由行·仅含往返机票。星光大道+天星小",
          "price":"1888"
        },
        {
          "img":"item-img0329_06.jpg",
          "title":"新加坡5日4晚自由行。错峰周末游，特赠送价值",
          "price":"2689"
        }
    ],
  "data2":[
    {
      "img":"travel-look0401_02.jpg",
      "title":"曼谷+芭提雅6日5晚自由 行（4钻） ",
      "price":"3060"
    },
    {
      "img":"travel-look0401_03.jpg",
      "title":"美国东西海岸+夏威夷+波士顿+纽约+华盛顿+",
      "price":"9099"
    },
    {
      "img":"travel-look0401_04.jpg",
      "title":"日本东京+大阪7日6晚自 由行【美食·购物】",
      "price":"5353"
    },
    {
      "img":"travel-look0401_05.jpg",
      "title":"意大利+梵蒂冈+瑞士+法 国+维罗纳13日跟团游",
      "price":"13999"
    },
    {
      "img":"travel-look0401_06.jpg",
      "title":"普吉岛6日5万自由行·DIY自由订制，酒店任选海",
      "price":"1999"
    },
    {
      "img":"travel-look0401_07.jpg",
      "title":"澳大利亚悉尼+黄金海岸+墨尔本自由行·11天9晚",
      "price":"1999"
    }
  ],
  "recommend":[
    {
      "img":"travel-show_01.jpg"
    },
    {
      "img":"travel-show_02.jpg"
    },
    {
      "img":"travel-show_03.jpg"
    },
    {
      "img":"travel-show_04.jpg"
    }
  ]
}
